{"schemaVersion":27,"addons":[{"id":"activity-stream@mozilla.org","syncGUID":"{dea22e80-1e40-41da-9f28-03f5bee15e02}","location":"app-system-defaults","version":"2018.04.20.1103-b3b95672","type":"extension","internalName":null,"updateURL":null,"updateKey":null,"optionsURL":null,"optionsType":null,"aboutURL":null,"defaultLocale":{"name":"Activity Stream","description":"A rich visual history feed and a reimagined home page make it easier than ever to find exactly what you're looking for in Firefox.","creator":null,"homepageURL":null},"visible":true,"active":true,"userDisabled":false,"appDisabled":false,"installDate":1558477388000,"updateDate":1558477388000,"applyBackgroundUpdates":1,"bootstrap":true,"path":"/usr/lib/firefox-esr/browser/features/activity-stream@mozilla.org.xpi","skinnable":false,"size":2536973,"sourceURI":null,"releaseNotesURI":null,"softDisabled":false,"foreignInstall":false,"strictCompatibility":false,"locales":[],"targetApplications":[{"id":"{ec8030f7-c20a-464f-9b0e-13a3a9e97384}","minVersion":"60.7.0","maxVersion":"60.*"}],"targetPlatforms":[],"multiprocessCompatible":true,"seen":true,"dependencies":[],"hasEmbeddedWebExtension":false,"mpcOptedOut":false,"userPermissions":null,"icons":{},"iconURL":null,"icon64URL":null,"blocklistState":0,"blocklistURL":null,"startupData":null},{"id":"aushelper@mozilla.org","syncGUID":"{57c6e0a1-37bd-47c5-8d33-e822f7ae3824}","location":"app-system-defaults","version":"2.0","type":"extension","internalName":null,"updateURL":null,"updateKey":null,"optionsURL":null,"optionsType":null,"aboutURL":null,"defaultLocale":{"name":"Application Update Service Helper","description":"Sets value(s) in the update url based on custom checks.","creator":null,"homepageURL":null},"visible":true,"active":true,"userDisabled":false,"appDisabled":false,"installDate":1558477388000,"updateDate":1558477388000,"applyBackgroundUpdates":1,"bootstrap":true,"path":"/usr/lib/firefox-esr/browser/features/aushelper@mozilla.org.xpi","skinnable":false,"size":8425,"sourceURI":null,"releaseNotesURI":null,"softDisabled":false,"foreignInstall":false,"strictCompatibility":false,"locales":[],"targetApplications":[{"id":"{ec8030f7-c20a-464f-9b0e-13a3a9e97384}","minVersion":"60.7.0","maxVersion":"60.*"}],"targetPlatforms":[],"multiprocessCompatible":true,"seen":true,"dependencies":[],"hasEmbeddedWebExtension":false,"mpcOptedOut":false,"userPermissions":null,"icons":{},"iconURL":null,"icon64URL":null,"blocklistState":0,"blocklistURL":null,"startupData":null},{"id":"firefox@getpocket.com","syncGUID":"{e8e8b31c-9ab4-44ee-bcca-d92c6539390d}","location":"app-system-defaults","version":"1.0.5","type":"extension","internalName":null,"updateURL":null,"updateKey":null,"optionsURL":null,"optionsType":null,"aboutURL":null,"defaultLocale":{"name":"Pocket","description":"When you find something you want to view later, put it in Pocket.","creator":null,"homepageURL":null},"visible":true,"active":true,"userDisabled":false,"appDisabled":false,"installDate":1558477388000,"updateDate":1558477388000,"applyBackgroundUpdates":1,"bootstrap":true,"path":"/usr/lib/firefox-esr/browser/features/firefox@getpocket.com.xpi","skinnable":false,"size":856017,"sourceURI":null,"releaseNotesURI":null,"softDisabled":false,"foreignInstall":false,"strictCompatibility":false,"locales":[],"targetApplications":[{"id":"{ec8030f7-c20a-464f-9b0e-13a3a9e97384}","minVersion":"60.7.0","maxVersion":"60.*"}],"targetPlatforms":[],"multiprocessCompatible":true,"seen":true,"dependencies":[],"hasEmbeddedWebExtension":false,"mpcOptedOut":false,"userPermissions":null,"icons":{},"iconURL":null,"icon64URL":null,"blocklistState":0,"blocklistURL":null,"startupData":null},{"id":"followonsearch@mozilla.com","syncGUID":"{11b4d2ff-7904-4d24-9a2b-1d168b465c73}","location":"app-system-defaults","version":"0.9.6","type":"extension","internalName":null,"updateURL":null,"updateKey":null,"optionsURL":null,"optionsType":null,"aboutURL":null,"defaultLocale":{"name":"Follow-on Search Telemetry","description":null,"creator":null,"homepageURL":null},"visible":true,"active":true,"userDisabled":false,"appDisabled":false,"installDate":1558477388000,"updateDate":1558477388000,"applyBackgroundUpdates":1,"bootstrap":true,"path":"/usr/lib/firefox-esr/browser/features/followonsearch@mozilla.com.xpi","skinnable":false,"size":18539,"sourceURI":null,"releaseNotesURI":null,"softDisabled":false,"foreignInstall":false,"strictCompatibility":false,"locales":[],"targetApplications":[{"id":"{ec8030f7-c20a-464f-9b0e-13a3a9e97384}","minVersion":"52.0","maxVersion":"66.*"}],"targetPlatforms":[],"multiprocessCompatible":true,"seen":true,"dependencies":[],"hasEmbeddedWebExtension":false,"mpcOptedOut":false,"userPermissions":null,"icons":{},"iconURL":null,"icon64URL":null,"blocklistState":0,"blocklistURL":null,"startupData":null},{"id":"formautofill@mozilla.org","syncGUID":"{dbd721b0-f7ca-4ae4-811b-72b07dd41378}","location":"app-system-defaults","version":"1.0","type":"extension","internalName":null,"updateURL":null,"updateKey":null,"optionsURL":null,"optionsType":null,"aboutURL":null,"defaultLocale":{"name":"Form Autofill","description":"Autofill forms with saved profiles","creator":null,"homepageURL":null},"visible":true,"active":true,"userDisabled":false,"appDisabled":false,"installDate":1558477388000,"updateDate":1558477388000,"applyBackgroundUpdates":1,"bootstrap":true,"path":"/usr/lib/firefox-esr/browser/features/formautofill@mozilla.org.xpi","skinnable":false,"size":457534,"sourceURI":null,"releaseNotesURI":null,"softDisabled":false,"foreignInstall":false,"strictCompatibility":false,"locales":[],"targetApplications":[{"id":"{ec8030f7-c20a-464f-9b0e-13a3a9e97384}","minVersion":"60.7.0","maxVersion":"60.*"}],"targetPlatforms":[],"multiprocessCompatible":true,"seen":true,"dependencies":[],"hasEmbeddedWebExtension":false,"mpcOptedOut":false,"userPermissions":null,"icons":{},"iconURL":null,"icon64URL":null,"blocklistState":0,"blocklistURL":null,"startupData":null},{"id":"jaws-esr@mozilla.org","syncGUID":"{fd4039d2-b602-4257-bfac-1be02506ab15}","location":"app-system-defaults","version":"1.2","type":"extension","internalName":null,"updateURL":null,"updateKey":null,"optionsURL":null,"optionsType":null,"aboutURL":null,"defaultLocale":{"name":"Firefox ESR configurer for OLDJAWS screen reader","description":"Disabled e10s for users of OLDJAWS.","creator":null,"homepageURL":null},"visible":true,"active":true,"userDisabled":false,"appDisabled":false,"installDate":1558477388000,"updateDate":1558477388000,"applyBackgroundUpdates":1,"bootstrap":true,"path":"/usr/lib/firefox-esr/browser/features/jaws-esr@mozilla.org.xpi","skinnable":false,"size":5237,"sourceURI":null,"releaseNotesURI":null,"softDisabled":false,"foreignInstall":false,"strictCompatibility":false,"locales":[],"targetApplications":[{"id":"{ec8030f7-c20a-464f-9b0e-13a3a9e97384}","minVersion":"60.0","maxVersion":"60.*"}],"targetPlatforms":[],"multiprocessCompatible":true,"seen":true,"dependencies":[],"hasEmbeddedWebExtension":false,"mpcOptedOut":false,"userPermissions":null,"icons":{},"iconURL":null,"icon64URL":null,"blocklistState":0,"blocklistURL":null,"startupData":null},{"id":"onboarding@mozilla.org","syncGUID":"{c63bebae-71e6-416c-9674-0389f9ce9463}","location":"app-system-defaults","version":"1.0","type":"extension","internalName":null,"updateURL":null,"updateKey":null,"optionsURL":null,"optionsType":null,"aboutURL":null,"defaultLocale":{"name":"Photon onboarding","description":"Photon onboarding","creator":null,"homepageURL":null},"visible":true,"active":true,"userDisabled":false,"appDisabled":false,"installDate":1558477388000,"updateDate":1558477388000,"applyBackgroundUpdates":1,"bootstrap":true,"path":"/usr/lib/firefox-esr/browser/features/onboarding@mozilla.org.xpi","skinnable":false,"size":562340,"sourceURI":null,"releaseNotesURI":null,"softDisabled":false,"foreignInstall":false,"strictCompatibility":false,"locales":[],"targetApplications":[{"id":"{ec8030f7-c20a-464f-9b0e-13a3a9e97384}","minVersion":"60.7.0","maxVersion":"60.*"}],"targetPlatforms":[],"multiprocessCompatible":true,"seen":true,"dependencies":[],"hasEmbeddedWebExtension":false,"mpcOptedOut":false,"userPermissions":null,"icons":{},"iconURL":null,"icon64URL":null,"blocklistState":0,"blocklistURL":null,"startupData":null},{"id":"screenshots@mozilla.org","syncGUID":"{15f46498-7d82-454b-a986-29f1e05baab1}","location":"app-system-defaults","version":"30.1.0","type":"extension","internalName":null,"updateURL":null,"updateKey":null,"optionsURL":null,"optionsType":null,"aboutURL":null,"defaultLocale":{"name":"Firefox Screenshots","description":null,"creator":null,"homepageURL":"https://screenshots.firefox.com/"},"visible":true,"active":true,"userDisabled":false,"appDisabled":false,"installDate":1558477388000,"updateDate":1558477388000,"applyBackgroundUpdates":1,"bootstrap":true,"path":"/usr/lib/firefox-esr/browser/features/screenshots@mozilla.org.xpi","skinnable":false,"size":1043197,"sourceURI":null,"releaseNotesURI":null,"softDisabled":false,"foreignInstall":false,"strictCompatibility":false,"locales":[],"targetApplications":[{"id":"{ec8030f7-c20a-464f-9b0e-13a3a9e97384}","minVersion":"57.0a1","maxVersion":"*"}],"targetPlatforms":[],"multiprocessCompatible":true,"seen":true,"dependencies":[],"hasEmbeddedWebExtension":false,"mpcOptedOut":false,"userPermissions":null,"icons":{},"iconURL":null,"icon64URL":null,"blocklistState":0,"blocklistURL":null,"startupData":null},{"id":"webcompat@mozilla.org","syncGUID":"{df6b6293-5f2e-42c2-9cb7-5f460a4c754d}","location":"app-system-defaults","version":"1.1","type":"extension","internalName":null,"updateURL":null,"updateKey":null,"optionsURL":null,"optionsType":null,"aboutURL":null,"defaultLocale":{"name":"Web Compat","description":"Urgent post-release fixes for web compatibility.","creator":null,"homepageURL":null},"visible":true,"active":true,"userDisabled":false,"appDisabled":false,"installDate":1558477388000,"updateDate":1558477388000,"applyBackgroundUpdates":1,"bootstrap":true,"path":"/usr/lib/firefox-esr/browser/features/webcompat@mozilla.org.xpi","skinnable":false,"size":9137,"sourceURI":null,"releaseNotesURI":null,"softDisabled":false,"foreignInstall":false,"strictCompatibility":false,"locales":[],"targetApplications":[{"id":"{ec8030f7-c20a-464f-9b0e-13a3a9e97384}","minVersion":"60.7.0","maxVersion":"60.*"}],"targetPlatforms":[],"multiprocessCompatible":true,"seen":true,"dependencies":[],"hasEmbeddedWebExtension":false,"mpcOptedOut":false,"userPermissions":null,"icons":{},"iconURL":null,"icon64URL":null,"blocklistState":0,"blocklistURL":null,"startupData":null},{"id":"{972ce4c6-7e08-4474-a285-3208198ce6fd}","syncGUID":"{bb1a3b2a-4c6d-4428-b00e-06dcd6dffca5}","location":"app-global","version":"60.7.0","type":"theme","internalName":"classic/1.0","updateURL":null,"updateKey":null,"optionsURL":null,"optionsType":null,"optionsBrowserStyle":null,"aboutURL":null,"defaultLocale":{"name":"Default","description":"The default theme.","creator":"Mozilla","homepageURL":null,"contributors":["Mozilla Contributors"]},"visible":true,"active":true,"userDisabled":false,"appDisabled":false,"installDate":1558477388000,"updateDate":1558477388000,"applyBackgroundUpdates":1,"path":"/usr/lib/firefox-esr/browser/extensions/{972ce4c6-7e08-4474-a285-3208198ce6fd}.xpi","skinnable":true,"size":1907,"sourceURI":null,"releaseNotesURI":null,"softDisabled":false,"foreignInstall":false,"strictCompatibility":true,"locales":[],"targetApplications":[{"id":"{ec8030f7-c20a-464f-9b0e-13a3a9e97384}","minVersion":"60.7.0","maxVersion":"60.7.0"}],"targetPlatforms":[],"seen":true,"dependencies":[],"hasEmbeddedWebExtension":false,"userPermissions":null,"icons":{},"iconURL":"chrome://browser/content/default-theme-icon.svg","icon64URL":null,"blocklistState":0,"blocklistURL":null,"startupData":null},{"id":"langpack-pt-BR@firefox-esr.mozilla.org","syncGUID":"{10424fc2-d689-499c-a90d-456c96b2c77c}","location":"app-global","version":"60.0buildid20190521222308","type":"webextension-langpack","internalName":null,"updateURL":null,"updateKey":null,"optionsURL":null,"optionsType":null,"optionsBrowserStyle":true,"aboutURL":null,"defaultLocale":{"name":"Português (pt-BR) Language Pack","description":"Language pack for Firefox for pt-BR","creator":"mozilla.org (contributors: Fernando Pereira Silveira, Jefferson Hultmann, Marco Aurélio Krause, Reuben Morais)","developers":null,"translators":null,"contributors":null},"visible":true,"active":true,"userDisabled":false,"appDisabled":false,"installDate":1558477388000,"updateDate":1558477388000,"applyBackgroundUpdates":1,"bootstrap":true,"path":"/usr/lib/firefox-esr/browser/extensions/langpack-pt-BR@firefox-esr.mozilla.org.xpi","skinnable":false,"size":1389067,"sourceURI":null,"releaseNotesURI":null,"softDisabled":false,"foreignInstall":true,"strictCompatibility":true,"locales":[],"targetApplications":[{"id":"toolkit@mozilla.org","minVersion":"60.0","maxVersion":"60.*"}],"targetPlatforms":[],"multiprocessCompatible":true,"seen":true,"dependencies":[],"hasEmbeddedWebExtension":false,"userPermissions":null,"icons":{},"iconURL":null,"icon64URL":null,"blocklistState":0,"blocklistURL":null,"startupData":{"chromeEntries":[["locale","necko","pt-BR","chrome/pt-BR/locale/pt-BR/necko/"],["locale","pdf.js","pt-BR","browser/chrome/pt-BR/locale/pdfviewer/"],["locale","global","pt-BR","chrome/pt-BR/locale/pt-BR/global/"],["locale","onboarding","pt-BR","browser/features/onboarding@mozilla.org/pt-BR/locale/pt-BR/"],["locale","devtools","pt-BR","browser/chrome/pt-BR/locale/pt-BR/devtools/client/"],["locale","pipnss","pt-BR","chrome/pt-BR/locale/pt-BR/pipnss/"],["locale","devtools-shim","pt-BR","browser/chrome/pt-BR/locale/pt-BR/devtools/shim/"],["locale","alerts","pt-BR","chrome/pt-BR/locale/pt-BR/alerts/"],["locale","branding","pt-BR","browser/chrome/pt-BR/locale/branding/"],["locale","autoconfig","pt-BR","chrome/pt-BR/locale/pt-BR/autoconfig/"],["locale","devtools-shared","pt-BR","browser/chrome/pt-BR/locale/pt-BR/devtools/shared/"],["locale","global-platform","pt-BR","chrome/pt-BR/locale/pt-BR/global-platform/unix/"],["locale","browser-region","pt-BR","browser/chrome/pt-BR/locale/browser-region/"],["locale","mozapps","pt-BR","chrome/pt-BR/locale/pt-BR/mozapps/"],["locale","pluginproblem","pt-BR","chrome/pt-BR/locale/pt-BR/pluginproblem/"],["locale","formautofill","pt-BR","browser/features/formautofill@mozilla.org/pt-BR/locale/pt-BR/"],["locale","weave","pt-BR","chrome/pt-BR/locale/pt-BR/services/"],["locale","pocket","pt-BR","browser/features/firefox@getpocket.com/pt-BR/locale/pt-BR/"],["locale","places","pt-BR","chrome/pt-BR/locale/pt-BR/places/"],["locale","passwordmgr","pt-BR","chrome/pt-BR/locale/pt-BR/passwordmgr/"],["locale","pippki","pt-BR","chrome/pt-BR/locale/pt-BR/pippki/"],["locale","jaws-esr","pt-BR","browser/features/jaws-esr@mozilla.org/pt-BR/locale/pt-BR/"],["locale","browser","pt-BR","browser/chrome/pt-BR/locale/browser/"]],"langpackId":"langpack-pt-BR-browser","l10nRegistrySources":{"browser":"browser/"},"languages":["pt-BR"]}}]}